<?xml version="1.0" encoding="UTF-8"?>
<!--
 This is a WordPress eXtended RSS file generated by WordPress as an export of your site.
 It contains information about your site's posts, pages, comments, categories, and other content.
 You may use this file to transfer that content from one site to another.
 This file is not intended to serve as a complete backup of your site.

 To import this information into a WordPress site follow these steps:
 1. Log in to that site as an administrator.
 2. Go to Tools: Import in the WordPress admin panel.
 3. Install the "WordPress" importer from the list.
 4. Activate & Run Importer.
 5. Upload this file using the form provided on that page.
 6. You will first be asked to map the authors in this export file to users
    on the site. For each author, you may choose to map to an
    existing user on the site or to create a new user.
 7. WordPress will then import each of the posts, pages, comments, categories, etc.
    contained in this file into your site.
-->
<!-- generator="WordPress.com" created="2023-10-21 00:29"-->
<rss version="2.0" xmlns:excerpt="http://wordpress.org/export/1.2/excerpt/" xmlns:content="http://purl.org/rss/1.0/modules/content/" xmlns:wfw="http://wellformedweb.org/CommentAPI/" xmlns:dc="http://purl.org/dc/elements/1.1/" xmlns:wp="http://wordpress.org/export/1.2/">
  <channel>
<title>HOME | Sdsa Copy</title>
<link>https://sdssa12a.wordpress.com</link>
<description/>
<pubDate>Sat, 21 Oct 2023 00:29:04 +0000</pubDate>
<language>ar</language>
<wp:wxr_version>1.2</wp:wxr_version>
<wp:base_site_url>http://wordpress.com/</wp:base_site_url>
<wp:base_blog_url>https://sdssa12a.wordpress.com</wp:base_blog_url>
<wp:author>
  <wp:author_id>241537261</wp:author_id>
  <wp:author_login>sdssa12a</wp:author_login>
  <wp:author_email>sdssa12a@gmail.com</wp:author_email>
  <wp:author_display_name><![CDATA[sds sds]]></wp:author_display_name>
  <wp:author_first_name><![CDATA[sds]]></wp:author_first_name>
  <wp:author_last_name><![CDATA[sds]]></wp:author_last_name>
</wp:author>
<wp:category>
  <wp:term_id>149726</wp:term_id>
  <wp:category_nicename>%d8%ba%d9%8a%d8%b1-%d9%85%d8%b5%d9%86%d9%81</wp:category_nicename>
  <wp:category_parent/>
  <wp:cat_name><![CDATA[غير مصنف]]></wp:cat_name>
</wp:category>
<wp:term>
  <wp:term_id>1727430</wp:term_id>
  <wp:term_taxonomy>nav_menu</wp:term_taxonomy>
  <wp:term_slug>custom-main-menu-1</wp:term_slug>
  <wp:term_name><![CDATA[Custom Main Menu]]></wp:term_name>
</wp:term>
<generator>http://wordpress.com/</generator>
<image>
		<url>http://s0.wp.com/i/buttonw-com.png</url>
		<title>HOME &#124; Sdsa Copy</title>
		<link>https://sdssa12a.wordpress.com</link>
	</image>
	<item>
  <title><![CDATA[بنك سامبا]]></title>
  <link>https://sdssa12a.wordpress.com/%d8%a8%d9%86%d9%83-%d8%b3%d8%a7%d9%85%d8%a8%d8%a7/</link>
  <pubDate>Fri, 20 Oct 2023 20:26:19 +0000</pubDate>
  <dc:creator>sdssa12a</dc:creator>
  <guid isPermaLink="false">https://sdsksasa.wixsite.com/sdsa-copy21/بنك-سامبا</guid>
  <description/>
  <content:encoded><![CDATA[<!-- wp:core-import/plugin-placeholder {"id":1} /-->]]></content:encoded>
  <excerpt:encoded><![CDATA[]]></excerpt:encoded>
  <wp:post_id>628</wp:post_id>
  <wp:post_date>2023-10-20 20:26:19</wp:post_date>
  <wp:post_date_gmt>2023-10-20 20:26:19</wp:post_date_gmt>
  <wp:post_modified>2023-10-20 20:26:19</wp:post_modified>
  <wp:post_modified_gmt>2023-10-20 20:26:19</wp:post_modified_gmt>
  <wp:comment_status>closed</wp:comment_status>
  <wp:ping_status>closed</wp:ping_status>
  <wp:post_name>%d8%a8%d9%86%d9%83-%d8%b3%d8%a7%d9%85%d8%a8%d8%a7</wp:post_name>
  <wp:status>publish</wp:status>
  <wp:post_parent>0</wp:post_parent>
  <wp:menu_order>0</wp:menu_order>
  <wp:post_type>page</wp:post_type>
  <wp:post_password/>
  <wp:is_sticky>0</wp:is_sticky>
  <wp:postmeta>
    <wp:meta_key>_publicize_pending</wp:meta_key>
    <wp:meta_value><![CDATA[1]]></wp:meta_value>
  </wp:postmeta>
  <wp:postmeta>
    <wp:meta_key>parsing_session_id</wp:meta_key>
    <wp:meta_value><![CDATA[8f814c5f-06b3-4624-881d-8a9e20030eec]]></wp:meta_value>
  </wp:postmeta>
  <wp:postmeta>
    <wp:meta_key>_import_original_post_id</wp:meta_key>
    <wp:meta_value><![CDATA[628]]></wp:meta_value>
  </wp:postmeta>
  <wp:postmeta>
    <wp:meta_key>_import_session_id</wp:meta_key>
    <wp:meta_value><![CDATA[6532e26d2e46f]]></wp:meta_value>
  </wp:postmeta>
  <wp:postmeta>
    <wp:meta_key>_import_original_post_id</wp:meta_key>
    <wp:meta_value><![CDATA[628]]></wp:meta_value>
  </wp:postmeta>
</item>
<item>
  <title><![CDATA[الاهلي]]></title>
  <link>https://sdssa12a.wordpress.com/%d8%a7%d9%84%d8%a7%d9%87%d9%84%d9%8a/</link>
  <pubDate>Fri, 20 Oct 2023 20:26:19 +0000</pubDate>
  <dc:creator>sdssa12a</dc:creator>
  <guid isPermaLink="false">https://sdsksasa.wixsite.com/sdsa-copy21/الاهلي</guid>
  <description/>
  <content:encoded><![CDATA[<!-- wp:image {"width":640,"height":1163} -->
<figure class="wp-block-image is-resized"><img height="1163" width="640" alt="Screenshot_20210921_203123.webp" src="https://sdssa12a.files.wordpress.com/2023/10/3a593-fe6ff9_f5ff0bebdccb4fea9e8a0476020c6a82mv2.png"></figure>
<!-- /wp:image -->

<!-- wp:core-import/plugin-placeholder {"id":2} /-->]]></content:encoded>
  <excerpt:encoded><![CDATA[]]></excerpt:encoded>
  <wp:post_id>638</wp:post_id>
  <wp:post_date>2023-10-20 20:26:19</wp:post_date>
  <wp:post_date_gmt>2023-10-20 20:26:19</wp:post_date_gmt>
  <wp:post_modified>2023-10-20 20:26:19</wp:post_modified>
  <wp:post_modified_gmt>2023-10-20 20:26:19</wp:post_modified_gmt>
  <wp:comment_status>closed</wp:comment_status>
  <wp:ping_status>closed</wp:ping_status>
  <wp:post_name>%d8%a7%d9%84%d8%a7%d9%87%d9%84%d9%8a</wp:post_name>
  <wp:status>publish</wp:status>
  <wp:post_parent>0</wp:post_parent>
  <wp:menu_order>0</wp:menu_order>
  <wp:post_type>page</wp:post_type>
  <wp:post_password/>
  <wp:is_sticky>0</wp:is_sticky>
  <wp:postmeta>
    <wp:meta_key>_publicize_pending</wp:meta_key>
    <wp:meta_value><![CDATA[1]]></wp:meta_value>
  </wp:postmeta>
  <wp:postmeta>
    <wp:meta_key>parsing_session_id</wp:meta_key>
    <wp:meta_value><![CDATA[8f814c5f-06b3-4624-881d-8a9e20030eec]]></wp:meta_value>
  </wp:postmeta>
  <wp:postmeta>
    <wp:meta_key>_import_original_post_id</wp:meta_key>
    <wp:meta_value><![CDATA[638]]></wp:meta_value>
  </wp:postmeta>
  <wp:postmeta>
    <wp:meta_key>_import_session_id</wp:meta_key>
    <wp:meta_value><![CDATA[6532e26d2e46f]]></wp:meta_value>
  </wp:postmeta>
  <wp:postmeta>
    <wp:meta_key>_import_original_post_id</wp:meta_key>
    <wp:meta_value><![CDATA[638]]></wp:meta_value>
  </wp:postmeta>
</item>
<item>
  <title><![CDATA[معلومات عنّا]]></title>
  <link>https://sdssa12a.wordpress.com/about/</link>
  <pubDate>Fri, 20 Oct 2023 20:08:37 +0000</pubDate>
  <dc:creator>sdssa12a</dc:creator>
  <guid isPermaLink="false">https://sdssa12a.wordpress.com/about/</guid>
  <description/>
  <content:encoded><![CDATA[هذا مثال لصفحة. قم بإلغاء الإعجاب بالمقالات التي تظهر في الصفحة الأولى من مدونتك بالترتيب التي نُشرت به، فالصفحات تتناسب بشكل أفضل مع المحتوى المستمر لفترة طويلة الذي تريد تسهيل الوصول إليه مثل المعلومات الخاصة بك ومعلومات اتصالك. انقر على رابط التحرير لإجراء تغييرات على هذه الصفحة أو <a title="رابط مباشر لإضافة صفحة أخرى في لوحة تحكم المسؤول" href="/wp-admin/post-new.php?post_type=page"> إضافة صفحة أخرى</a>.]]></content:encoded>
  <excerpt:encoded><![CDATA[]]></excerpt:encoded>
  <wp:post_id>2</wp:post_id>
  <wp:post_date>2023-10-20 23:08:37</wp:post_date>
  <wp:post_date_gmt>2023-10-20 20:08:37</wp:post_date_gmt>
  <wp:post_modified>2023-10-20 23:08:37</wp:post_modified>
  <wp:post_modified_gmt>2023-10-20 20:08:37</wp:post_modified_gmt>
  <wp:comment_status>closed</wp:comment_status>
  <wp:ping_status>closed</wp:ping_status>
  <wp:post_name>about</wp:post_name>
  <wp:status>publish</wp:status>
  <wp:post_parent>0</wp:post_parent>
  <wp:menu_order>0</wp:menu_order>
  <wp:post_type>page</wp:post_type>
  <wp:post_password/>
  <wp:is_sticky>0</wp:is_sticky>
  <wp:postmeta>
    <wp:meta_key>_headstart_post</wp:meta_key>
    <wp:meta_value><![CDATA[_hs_extra]]></wp:meta_value>
  </wp:postmeta>
  <wp:postmeta>
    <wp:meta_key>sharing_disabled</wp:meta_key>
    <wp:meta_value><![CDATA[a:1:{i:0;N;}]]></wp:meta_value>
  </wp:postmeta>
  <wp:postmeta>
    <wp:meta_key>switch_like_status</wp:meta_key>
    <wp:meta_value><![CDATA[a:1:{i:0;N;}]]></wp:meta_value>
  </wp:postmeta>
  <wp:postmeta>
    <wp:meta_key>_starter_page_template</wp:meta_key>
    <wp:meta_value><![CDATA[blank]]></wp:meta_value>
  </wp:postmeta>
  <wp:postmeta>
    <wp:meta_key>_hs_old_id</wp:meta_key>
    <wp:meta_value><![CDATA[29]]></wp:meta_value>
  </wp:postmeta>
  <wp:postmeta>
    <wp:meta_key>_wpas_skip_all_services</wp:meta_key>
    <wp:meta_value><![CDATA[1]]></wp:meta_value>
  </wp:postmeta>
  <wp:postmeta>
    <wp:meta_key>_publicize_pending</wp:meta_key>
    <wp:meta_value><![CDATA[1]]></wp:meta_value>
  </wp:postmeta>
  <wp:postmeta>
    <wp:meta_key>_checklist_post_type</wp:meta_key>
    <wp:meta_value><![CDATA[_hs_extra]]></wp:meta_value>
  </wp:postmeta>
  <wp:postmeta>
    <wp:meta_key>_last_editor_used_jetpack</wp:meta_key>
    <wp:meta_value><![CDATA[block-editor]]></wp:meta_value>
  </wp:postmeta>
</item>
<item>
  <title><![CDATA[مرحبًا أيها العالم!]]></title>
  <link>https://sdssa12a.wordpress.com/2023/10/20/hello-world/</link>
  <pubDate>Fri, 20 Oct 2023 20:08:36 +0000</pubDate>
  <dc:creator>sdssa12a</dc:creator>
  <guid isPermaLink="false">https://sdssa12a.wordpress.com/2023/10/20/hello-world/</guid>
  <description/>
  <content:encoded><![CDATA[<!-- wp:paragraph -->
<p>مرحباً بك في ووردبريس! هذه هي مقالتك الأولى. قم بتحريرها أو حذفها لاتخاذ الخطوة الأولى في رحلة التدوين لديك.</p>
<!-- /wp:paragraph -->]]></content:encoded>
  <excerpt:encoded><![CDATA[]]></excerpt:encoded>
  <wp:post_id>3</wp:post_id>
  <wp:post_date>2023-10-20 23:08:36</wp:post_date>
  <wp:post_date_gmt>2023-10-20 20:08:36</wp:post_date_gmt>
  <wp:post_modified>2023-10-20 23:08:36</wp:post_modified>
  <wp:post_modified_gmt>2023-10-20 20:08:36</wp:post_modified_gmt>
  <wp:comment_status>open</wp:comment_status>
  <wp:ping_status>open</wp:ping_status>
  <wp:post_name>hello-world</wp:post_name>
  <wp:status>publish</wp:status>
  <wp:post_parent>0</wp:post_parent>
  <wp:menu_order>0</wp:menu_order>
  <wp:post_type>post</wp:post_type>
  <wp:post_password/>
  <wp:is_sticky>0</wp:is_sticky>
  <category domain="category" nicename="%d8%ba%d9%8a%d8%b1-%d9%85%d8%b5%d9%86%d9%81"><![CDATA[غير مصنف]]></category>
  <wp:postmeta>
    <wp:meta_key>_headstart_post</wp:meta_key>
    <wp:meta_value><![CDATA[_hs_extra]]></wp:meta_value>
  </wp:postmeta>
  <wp:postmeta>
    <wp:meta_key>sharing_disabled</wp:meta_key>
    <wp:meta_value><![CDATA[a:1:{i:0;N;}]]></wp:meta_value>
  </wp:postmeta>
  <wp:postmeta>
    <wp:meta_key>switch_like_status</wp:meta_key>
    <wp:meta_value><![CDATA[a:1:{i:0;N;}]]></wp:meta_value>
  </wp:postmeta>
  <wp:postmeta>
    <wp:meta_key>_starter_page_template</wp:meta_key>
    <wp:meta_value><![CDATA[]]></wp:meta_value>
  </wp:postmeta>
  <wp:postmeta>
    <wp:meta_key>_hs_old_id</wp:meta_key>
    <wp:meta_value><![CDATA[4]]></wp:meta_value>
  </wp:postmeta>
  <wp:postmeta>
    <wp:meta_key>_wpas_skip_all_services</wp:meta_key>
    <wp:meta_value><![CDATA[1]]></wp:meta_value>
  </wp:postmeta>
  <wp:postmeta>
    <wp:meta_key>_publicize_pending</wp:meta_key>
    <wp:meta_value><![CDATA[1]]></wp:meta_value>
  </wp:postmeta>
</item>
<item>
  <title><![CDATA[البلاد]]></title>
  <link>https://sdssa12a.wordpress.com/%d8%a7%d9%84%d8%a8%d9%84%d8%a7%d8%af/</link>
  <pubDate>Fri, 20 Oct 2023 20:26:19 +0000</pubDate>
  <dc:creator>sdssa12a</dc:creator>
  <guid isPermaLink="false">https://sdsksasa.wixsite.com/sdsa-copy21/البلاد</guid>
  <description/>
  <content:encoded><![CDATA[<!-- wp:core-import/plugin-placeholder {"id":3} /-->]]></content:encoded>
  <excerpt:encoded><![CDATA[]]></excerpt:encoded>
  <wp:post_id>648</wp:post_id>
  <wp:post_date>2023-10-20 20:26:19</wp:post_date>
  <wp:post_date_gmt>2023-10-20 20:26:19</wp:post_date_gmt>
  <wp:post_modified>2023-10-20 20:26:19</wp:post_modified>
  <wp:post_modified_gmt>2023-10-20 20:26:19</wp:post_modified_gmt>
  <wp:comment_status>closed</wp:comment_status>
  <wp:ping_status>closed</wp:ping_status>
  <wp:post_name>%d8%a7%d9%84%d8%a8%d9%84%d8%a7%d8%af</wp:post_name>
  <wp:status>publish</wp:status>
  <wp:post_parent>0</wp:post_parent>
  <wp:menu_order>0</wp:menu_order>
  <wp:post_type>page</wp:post_type>
  <wp:post_password/>
  <wp:is_sticky>0</wp:is_sticky>
  <wp:postmeta>
    <wp:meta_key>_publicize_pending</wp:meta_key>
    <wp:meta_value><![CDATA[1]]></wp:meta_value>
  </wp:postmeta>
  <wp:postmeta>
    <wp:meta_key>parsing_session_id</wp:meta_key>
    <wp:meta_value><![CDATA[8f814c5f-06b3-4624-881d-8a9e20030eec]]></wp:meta_value>
  </wp:postmeta>
  <wp:postmeta>
    <wp:meta_key>_import_original_post_id</wp:meta_key>
    <wp:meta_value><![CDATA[648]]></wp:meta_value>
  </wp:postmeta>
  <wp:postmeta>
    <wp:meta_key>_import_session_id</wp:meta_key>
    <wp:meta_value><![CDATA[6532e26d2e46f]]></wp:meta_value>
  </wp:postmeta>
  <wp:postmeta>
    <wp:meta_key>_import_original_post_id</wp:meta_key>
    <wp:meta_value><![CDATA[648]]></wp:meta_value>
  </wp:postmeta>
</item>
<item>
  <title><![CDATA[توثيق 1]]></title>
  <link>https://sdssa12a.wordpress.com/%d8%aa%d9%88%d8%ab%d9%8a%d9%82-1/</link>
  <pubDate>Fri, 20 Oct 2023 20:26:19 +0000</pubDate>
  <dc:creator>sdssa12a</dc:creator>
  <guid isPermaLink="false">https://sdsksasa.wixsite.com/sdsa-copy21/توثيق-1</guid>
  <description/>
  <content:encoded><![CDATA[<!-- wp:core-import/plugin-placeholder {"id":4} /-->]]></content:encoded>
  <excerpt:encoded><![CDATA[]]></excerpt:encoded>
  <wp:post_id>658</wp:post_id>
  <wp:post_date>2023-10-20 20:26:19</wp:post_date>
  <wp:post_date_gmt>2023-10-20 20:26:19</wp:post_date_gmt>
  <wp:post_modified>2023-10-20 20:26:19</wp:post_modified>
  <wp:post_modified_gmt>2023-10-20 20:26:19</wp:post_modified_gmt>
  <wp:comment_status>closed</wp:comment_status>
  <wp:ping_status>closed</wp:ping_status>
  <wp:post_name>%d8%aa%d9%88%d8%ab%d9%8a%d9%82-1</wp:post_name>
  <wp:status>publish</wp:status>
  <wp:post_parent>0</wp:post_parent>
  <wp:menu_order>0</wp:menu_order>
  <wp:post_type>page</wp:post_type>
  <wp:post_password/>
  <wp:is_sticky>0</wp:is_sticky>
  <wp:postmeta>
    <wp:meta_key>_publicize_pending</wp:meta_key>
    <wp:meta_value><![CDATA[1]]></wp:meta_value>
  </wp:postmeta>
  <wp:postmeta>
    <wp:meta_key>parsing_session_id</wp:meta_key>
    <wp:meta_value><![CDATA[8f814c5f-06b3-4624-881d-8a9e20030eec]]></wp:meta_value>
  </wp:postmeta>
  <wp:postmeta>
    <wp:meta_key>_import_original_post_id</wp:meta_key>
    <wp:meta_value><![CDATA[658]]></wp:meta_value>
  </wp:postmeta>
  <wp:postmeta>
    <wp:meta_key>_import_session_id</wp:meta_key>
    <wp:meta_value><![CDATA[6532e26d2e46f]]></wp:meta_value>
  </wp:postmeta>
  <wp:postmeta>
    <wp:meta_key>_import_original_post_id</wp:meta_key>
    <wp:meta_value><![CDATA[658]]></wp:meta_value>
  </wp:postmeta>
</item>
<item>
  <title><![CDATA[العربي]]></title>
  <link>https://sdssa12a.wordpress.com/%d8%a7%d9%84%d8%b9%d8%b1%d8%a8%d9%8a/</link>
  <pubDate>Fri, 20 Oct 2023 20:26:19 +0000</pubDate>
  <dc:creator>sdssa12a</dc:creator>
  <guid isPermaLink="false">https://sdsksasa.wixsite.com/sdsa-copy21/العربي</guid>
  <description/>
  <content:encoded><![CDATA[<!-- wp:core-import/plugin-placeholder {"id":5} /-->]]></content:encoded>
  <excerpt:encoded><![CDATA[]]></excerpt:encoded>
  <wp:post_id>668</wp:post_id>
  <wp:post_date>2023-10-20 20:26:19</wp:post_date>
  <wp:post_date_gmt>2023-10-20 20:26:19</wp:post_date_gmt>
  <wp:post_modified>2023-10-20 20:26:19</wp:post_modified>
  <wp:post_modified_gmt>2023-10-20 20:26:19</wp:post_modified_gmt>
  <wp:comment_status>closed</wp:comment_status>
  <wp:ping_status>closed</wp:ping_status>
  <wp:post_name>%d8%a7%d9%84%d8%b9%d8%b1%d8%a8%d9%8a</wp:post_name>
  <wp:status>publish</wp:status>
  <wp:post_parent>0</wp:post_parent>
  <wp:menu_order>0</wp:menu_order>
  <wp:post_type>page</wp:post_type>
  <wp:post_password/>
  <wp:is_sticky>0</wp:is_sticky>
  <wp:postmeta>
    <wp:meta_key>_publicize_pending</wp:meta_key>
    <wp:meta_value><![CDATA[1]]></wp:meta_value>
  </wp:postmeta>
  <wp:postmeta>
    <wp:meta_key>parsing_session_id</wp:meta_key>
    <wp:meta_value><![CDATA[8f814c5f-06b3-4624-881d-8a9e20030eec]]></wp:meta_value>
  </wp:postmeta>
  <wp:postmeta>
    <wp:meta_key>_import_original_post_id</wp:meta_key>
    <wp:meta_value><![CDATA[668]]></wp:meta_value>
  </wp:postmeta>
  <wp:postmeta>
    <wp:meta_key>_import_session_id</wp:meta_key>
    <wp:meta_value><![CDATA[6532e26d2e46f]]></wp:meta_value>
  </wp:postmeta>
  <wp:postmeta>
    <wp:meta_key>_import_original_post_id</wp:meta_key>
    <wp:meta_value><![CDATA[668]]></wp:meta_value>
  </wp:postmeta>
</item>
<item>
  <title><![CDATA[HOME]]></title>
  <link>https://sdssa12a.wordpress.com/?page_id=678</link>
  <pubDate>Fri, 20 Oct 2023 20:26:19 +0000</pubDate>
  <dc:creator>sdssa12a</dc:creator>
  <guid isPermaLink="false">https://sdsksasa.wixsite.com/sdsa-copy21</guid>
  <description/>
  <content:encoded><![CDATA[<!-- wp:group -->
<div class="wp-block-group"><!-- wp:heading {"level":5} -->
<h5>مرحبا بكم في المدرسة السعودية للقيادة<br>التسجيل - البيانات الشخصية</h5>
<!-- /wp:heading --></div>
<!-- /wp:group -->

<!-- wp:html -->

    
        
    

<!-- /wp:html -->

<!-- wp:core-import/plugin-placeholder {"id":6} /-->]]></content:encoded>
  <excerpt:encoded><![CDATA[]]></excerpt:encoded>
  <wp:post_id>678</wp:post_id>
  <wp:post_date>2023-10-20 20:26:19</wp:post_date>
  <wp:post_date_gmt>2023-10-20 20:26:19</wp:post_date_gmt>
  <wp:post_modified>2023-10-20 23:29:25</wp:post_modified>
  <wp:post_modified_gmt>2023-10-20 20:29:25</wp:post_modified_gmt>
  <wp:comment_status>closed</wp:comment_status>
  <wp:ping_status>closed</wp:ping_status>
  <wp:post_name>home</wp:post_name>
  <wp:status>draft</wp:status>
  <wp:post_parent>0</wp:post_parent>
  <wp:menu_order>0</wp:menu_order>
  <wp:post_type>page</wp:post_type>
  <wp:post_password/>
  <wp:is_sticky>0</wp:is_sticky>
  <wp:postmeta>
    <wp:meta_key>_jetpack_post_was_ever_published</wp:meta_key>
    <wp:meta_value><![CDATA[1]]></wp:meta_value>
  </wp:postmeta>
  <wp:postmeta>
    <wp:meta_key>_publicize_pending</wp:meta_key>
    <wp:meta_value><![CDATA[1]]></wp:meta_value>
  </wp:postmeta>
  <wp:postmeta>
    <wp:meta_key>parsing_session_id</wp:meta_key>
    <wp:meta_value><![CDATA[8f814c5f-06b3-4624-881d-8a9e20030eec]]></wp:meta_value>
  </wp:postmeta>
  <wp:postmeta>
    <wp:meta_key>_import_original_post_id</wp:meta_key>
    <wp:meta_value><![CDATA[678]]></wp:meta_value>
  </wp:postmeta>
  <wp:postmeta>
    <wp:meta_key>_import_session_id</wp:meta_key>
    <wp:meta_value><![CDATA[6532e26d2e46f]]></wp:meta_value>
  </wp:postmeta>
  <wp:postmeta>
    <wp:meta_key>_import_original_post_id</wp:meta_key>
    <wp:meta_value><![CDATA[678]]></wp:meta_value>
  </wp:postmeta>
  <wp:postmeta>
    <wp:meta_key>parsing_session_id</wp:meta_key>
    <wp:meta_value><![CDATA[8f814c5f-06b3-4624-881d-8a9e20030eec]]></wp:meta_value>
  </wp:postmeta>
  <wp:postmeta>
    <wp:meta_key>_import_original_post_id</wp:meta_key>
    <wp:meta_value><![CDATA[818]]></wp:meta_value>
  </wp:postmeta>
  <wp:postmeta>
    <wp:meta_key>_import_session_id</wp:meta_key>
    <wp:meta_value><![CDATA[6532e26d2e46f]]></wp:meta_value>
  </wp:postmeta>
  <wp:postmeta>
    <wp:meta_key>_import_original_post_id</wp:meta_key>
    <wp:meta_value><![CDATA[818]]></wp:meta_value>
  </wp:postmeta>
  <wp:postmeta>
    <wp:meta_key>original_post_id</wp:meta_key>
    <wp:meta_value><![CDATA[808]]></wp:meta_value>
  </wp:postmeta>
  <wp:postmeta>
    <wp:meta_key>_wp_old_slug</wp:meta_key>
    <wp:meta_value><![CDATA[808]]></wp:meta_value>
  </wp:postmeta>
</item>
<item>
  <title><![CDATA[البنك السعودي الأستثماري]]></title>
  <link>https://sdssa12a.wordpress.com/%d8%a7%d9%84%d8%a8%d9%86%d9%83-%d8%a7%d9%84%d8%b3%d8%b9%d9%88%d8%af%d9%8a-%d8%a7%d9%84%d8%a3%d8%b3%d8%aa%d8%ab%d9%85%d8%a7%d8%b1%d9%8a/</link>
  <pubDate>Fri, 20 Oct 2023 20:26:19 +0000</pubDate>
  <dc:creator>sdssa12a</dc:creator>
  <guid isPermaLink="false">https://sdsksasa.wixsite.com/sdsa-copy21/البنك-السعودي-الأستثماري</guid>
  <description/>
  <content:encoded><![CDATA[<!-- wp:core-import/plugin-placeholder {"id":7} /-->]]></content:encoded>
  <excerpt:encoded><![CDATA[]]></excerpt:encoded>
  <wp:post_id>688</wp:post_id>
  <wp:post_date>2023-10-20 20:26:19</wp:post_date>
  <wp:post_date_gmt>2023-10-20 20:26:19</wp:post_date_gmt>
  <wp:post_modified>2023-10-20 20:26:19</wp:post_modified>
  <wp:post_modified_gmt>2023-10-20 20:26:19</wp:post_modified_gmt>
  <wp:comment_status>closed</wp:comment_status>
  <wp:ping_status>closed</wp:ping_status>
  <wp:post_name>%d8%a7%d9%84%d8%a8%d9%86%d9%83-%d8%a7%d9%84%d8%b3%d8%b9%d9%88%d8%af%d9%8a-%d8%a7%d9%84%d8%a3%d8%b3%d8%aa%d8%ab%d9%85%d8%a7%d8%b1%d9%8a</wp:post_name>
  <wp:status>publish</wp:status>
  <wp:post_parent>0</wp:post_parent>
  <wp:menu_order>0</wp:menu_order>
  <wp:post_type>page</wp:post_type>
  <wp:post_password/>
  <wp:is_sticky>0</wp:is_sticky>
  <wp:postmeta>
    <wp:meta_key>_publicize_pending</wp:meta_key>
    <wp:meta_value><![CDATA[1]]></wp:meta_value>
  </wp:postmeta>
  <wp:postmeta>
    <wp:meta_key>parsing_session_id</wp:meta_key>
    <wp:meta_value><![CDATA[8f814c5f-06b3-4624-881d-8a9e20030eec]]></wp:meta_value>
  </wp:postmeta>
  <wp:postmeta>
    <wp:meta_key>_import_original_post_id</wp:meta_key>
    <wp:meta_value><![CDATA[688]]></wp:meta_value>
  </wp:postmeta>
  <wp:postmeta>
    <wp:meta_key>_import_session_id</wp:meta_key>
    <wp:meta_value><![CDATA[6532e26d2e46f]]></wp:meta_value>
  </wp:postmeta>
  <wp:postmeta>
    <wp:meta_key>_import_original_post_id</wp:meta_key>
    <wp:meta_value><![CDATA[688]]></wp:meta_value>
  </wp:postmeta>
</item>
<item>
  <title><![CDATA[الرياض]]></title>
  <link>https://sdssa12a.wordpress.com/%d8%a7%d9%84%d8%b1%d9%8a%d8%a7%d8%b6/</link>
  <pubDate>Fri, 20 Oct 2023 20:26:19 +0000</pubDate>
  <dc:creator>sdssa12a</dc:creator>
  <guid isPermaLink="false">https://sdsksasa.wixsite.com/sdsa-copy21/الرياض</guid>
  <description/>
  <content:encoded><![CDATA[<!-- wp:core-import/plugin-placeholder {"id":8} /-->

<!-- wp:core-import/plugin-placeholder {"id":9} /-->]]></content:encoded>
  <excerpt:encoded><![CDATA[]]></excerpt:encoded>
  <wp:post_id>698</wp:post_id>
  <wp:post_date>2023-10-20 20:26:19</wp:post_date>
  <wp:post_date_gmt>2023-10-20 20:26:19</wp:post_date_gmt>
  <wp:post_modified>2023-10-20 20:26:19</wp:post_modified>
  <wp:post_modified_gmt>2023-10-20 20:26:19</wp:post_modified_gmt>
  <wp:comment_status>closed</wp:comment_status>
  <wp:ping_status>closed</wp:ping_status>
  <wp:post_name>%d8%a7%d9%84%d8%b1%d9%8a%d8%a7%d8%b6</wp:post_name>
  <wp:status>publish</wp:status>
  <wp:post_parent>0</wp:post_parent>
  <wp:menu_order>0</wp:menu_order>
  <wp:post_type>page</wp:post_type>
  <wp:post_password/>
  <wp:is_sticky>0</wp:is_sticky>
  <wp:postmeta>
    <wp:meta_key>_publicize_pending</wp:meta_key>
    <wp:meta_value><![CDATA[1]]></wp:meta_value>
  </wp:postmeta>
  <wp:postmeta>
    <wp:meta_key>parsing_session_id</wp:meta_key>
    <wp:meta_value><![CDATA[8f814c5f-06b3-4624-881d-8a9e20030eec]]></wp:meta_value>
  </wp:postmeta>
  <wp:postmeta>
    <wp:meta_key>_import_original_post_id</wp:meta_key>
    <wp:meta_value><![CDATA[698]]></wp:meta_value>
  </wp:postmeta>
  <wp:postmeta>
    <wp:meta_key>_import_session_id</wp:meta_key>
    <wp:meta_value><![CDATA[6532e26d2e46f]]></wp:meta_value>
  </wp:postmeta>
  <wp:postmeta>
    <wp:meta_key>_import_original_post_id</wp:meta_key>
    <wp:meta_value><![CDATA[698]]></wp:meta_value>
  </wp:postmeta>
</item>
<item>
  <title><![CDATA[توثيق]]></title>
  <link>https://sdssa12a.wordpress.com/%d8%aa%d9%88%d8%ab%d9%8a%d9%82/</link>
  <pubDate>Fri, 20 Oct 2023 20:26:19 +0000</pubDate>
  <dc:creator>sdssa12a</dc:creator>
  <guid isPermaLink="false">https://sdsksasa.wixsite.com/sdsa-copy21/توثيق</guid>
  <description/>
  <content:encoded><![CDATA[<!-- wp:core-import/plugin-placeholder {"id":10} /-->]]></content:encoded>
  <excerpt:encoded><![CDATA[]]></excerpt:encoded>
  <wp:post_id>708</wp:post_id>
  <wp:post_date>2023-10-20 20:26:19</wp:post_date>
  <wp:post_date_gmt>2023-10-20 20:26:19</wp:post_date_gmt>
  <wp:post_modified>2023-10-20 20:26:19</wp:post_modified>
  <wp:post_modified_gmt>2023-10-20 20:26:19</wp:post_modified_gmt>
  <wp:comment_status>closed</wp:comment_status>
  <wp:ping_status>closed</wp:ping_status>
  <wp:post_name>%d8%aa%d9%88%d8%ab%d9%8a%d9%82</wp:post_name>
  <wp:status>publish</wp:status>
  <wp:post_parent>0</wp:post_parent>
  <wp:menu_order>0</wp:menu_order>
  <wp:post_type>page</wp:post_type>
  <wp:post_password/>
  <wp:is_sticky>0</wp:is_sticky>
  <wp:postmeta>
    <wp:meta_key>_publicize_pending</wp:meta_key>
    <wp:meta_value><![CDATA[1]]></wp:meta_value>
  </wp:postmeta>
  <wp:postmeta>
    <wp:meta_key>parsing_session_id</wp:meta_key>
    <wp:meta_value><![CDATA[8f814c5f-06b3-4624-881d-8a9e20030eec]]></wp:meta_value>
  </wp:postmeta>
  <wp:postmeta>
    <wp:meta_key>_import_original_post_id</wp:meta_key>
    <wp:meta_value><![CDATA[708]]></wp:meta_value>
  </wp:postmeta>
  <wp:postmeta>
    <wp:meta_key>_import_session_id</wp:meta_key>
    <wp:meta_value><![CDATA[6532e26d2e46f]]></wp:meta_value>
  </wp:postmeta>
  <wp:postmeta>
    <wp:meta_key>_import_original_post_id</wp:meta_key>
    <wp:meta_value><![CDATA[708]]></wp:meta_value>
  </wp:postmeta>
</item>
<item>
  <title><![CDATA[404 Error Page]]></title>
  <link>https://sdssa12a.wordpress.com/404-error-page/</link>
  <pubDate>Fri, 20 Oct 2023 20:26:19 +0000</pubDate>
  <dc:creator>sdssa12a</dc:creator>
  <guid isPermaLink="false">https://sdsksasa.wixsite.com/sdsa-copy21/error404</guid>
  <description/>
  <content:encoded><![CDATA[<!-- wp:html -->
404%20Cactus
    
        
        
        
        
        
        
        
        
        
        
        
        
        
        
        
        
        
        
        
        
        
        
        
        
        
        
        
        
        
        
        
        
        
        
        
        
        
        
        
        
        
        
        
        
        
        
        
        
        
        
        
        
        
        
        
        
        
        
        
        
        
        
        
        
        
        
        
        
        
        
        
        
        
        
        
        
        
        
        
        
        
        
        
        
        
        
        
        
        
        
        
        
        
        
        
        
        
        
        
        
        
        
        
        
        
        
        
        
        
        
        
        
        
        
        
        
        
        
        
        
        
        
        
        
        
        
        
        
        
        
        
        
        
        
        
        
        
        
        
        
        
        
        
        
        
        
        
        
        
        
        
        
        
        
        
        
        
        
        
        
        
        
        
        
        
        
        
        
        
        
        
        
        
        
        
        
        
        
        
        
        
        
        
        
        
        
        
        
        
    

<!-- /wp:html -->

<!-- wp:heading -->
<h2>We Can’t Find This Page</h2>
<!-- /wp:heading -->

<!-- wp:paragraph -->
<p>Check the website URL and try again, or find what you need on our homepage.</p>
<!-- /wp:paragraph -->

<!-- wp:buttons -->
<div class="wp-block-buttons"><!-- wp:button -->
<div class="wp-block-button"><a href="" class="wp-block-button__link">Go Back Home</a></div>
<!-- /wp:button --></div>
<!-- /wp:buttons -->]]></content:encoded>
  <excerpt:encoded><![CDATA[]]></excerpt:encoded>
  <wp:post_id>718</wp:post_id>
  <wp:post_date>2023-10-20 20:26:19</wp:post_date>
  <wp:post_date_gmt>2023-10-20 20:26:19</wp:post_date_gmt>
  <wp:post_modified>2023-10-20 20:26:19</wp:post_modified>
  <wp:post_modified_gmt>2023-10-20 20:26:19</wp:post_modified_gmt>
  <wp:comment_status>closed</wp:comment_status>
  <wp:ping_status>closed</wp:ping_status>
  <wp:post_name>404-error-page</wp:post_name>
  <wp:status>publish</wp:status>
  <wp:post_parent>0</wp:post_parent>
  <wp:menu_order>0</wp:menu_order>
  <wp:post_type>page</wp:post_type>
  <wp:post_password/>
  <wp:is_sticky>0</wp:is_sticky>
  <wp:postmeta>
    <wp:meta_key>_publicize_pending</wp:meta_key>
    <wp:meta_value><![CDATA[1]]></wp:meta_value>
  </wp:postmeta>
  <wp:postmeta>
    <wp:meta_key>parsing_session_id</wp:meta_key>
    <wp:meta_value><![CDATA[8f814c5f-06b3-4624-881d-8a9e20030eec]]></wp:meta_value>
  </wp:postmeta>
  <wp:postmeta>
    <wp:meta_key>_import_original_post_id</wp:meta_key>
    <wp:meta_value><![CDATA[718]]></wp:meta_value>
  </wp:postmeta>
  <wp:postmeta>
    <wp:meta_key>_import_session_id</wp:meta_key>
    <wp:meta_value><![CDATA[6532e26d2e46f]]></wp:meta_value>
  </wp:postmeta>
  <wp:postmeta>
    <wp:meta_key>_import_original_post_id</wp:meta_key>
    <wp:meta_value><![CDATA[718]]></wp:meta_value>
  </wp:postmeta>
</item>
<item>
  <title><![CDATA[مصرف الأنماء]]></title>
  <link>https://sdssa12a.wordpress.com/%d9%85%d8%b5%d8%b1%d9%81-%d8%a7%d9%84%d8%a3%d9%86%d9%85%d8%a7%d8%a1/</link>
  <pubDate>Fri, 20 Oct 2023 20:26:19 +0000</pubDate>
  <dc:creator>sdssa12a</dc:creator>
  <guid isPermaLink="false">https://sdsksasa.wixsite.com/sdsa-copy21/مصرف-الأنماء</guid>
  <description/>
  <content:encoded><![CDATA[<!-- wp:image {"width":640,"height":1387} -->
<figure class="wp-block-image is-resized"><img height="1387" width="640" alt="الانماء.webp" src="https://sdssa12a.files.wordpress.com/2023/10/b6148-fe6ff9_68f1ba632b714ceab858d1427add5751mv2.png"></figure>
<!-- /wp:image -->

<!-- wp:core-import/plugin-placeholder {"id":11} /-->]]></content:encoded>
  <excerpt:encoded><![CDATA[]]></excerpt:encoded>
  <wp:post_id>728</wp:post_id>
  <wp:post_date>2023-10-20 20:26:19</wp:post_date>
  <wp:post_date_gmt>2023-10-20 20:26:19</wp:post_date_gmt>
  <wp:post_modified>2023-10-20 20:26:19</wp:post_modified>
  <wp:post_modified_gmt>2023-10-20 20:26:19</wp:post_modified_gmt>
  <wp:comment_status>closed</wp:comment_status>
  <wp:ping_status>closed</wp:ping_status>
  <wp:post_name>%d9%85%d8%b5%d8%b1%d9%81-%d8%a7%d9%84%d8%a3%d9%86%d9%85%d8%a7%d8%a1</wp:post_name>
  <wp:status>publish</wp:status>
  <wp:post_parent>0</wp:post_parent>
  <wp:menu_order>0</wp:menu_order>
  <wp:post_type>page</wp:post_type>
  <wp:post_password/>
  <wp:is_sticky>0</wp:is_sticky>
  <wp:postmeta>
    <wp:meta_key>_publicize_pending</wp:meta_key>
    <wp:meta_value><![CDATA[1]]></wp:meta_value>
  </wp:postmeta>
  <wp:postmeta>
    <wp:meta_key>parsing_session_id</wp:meta_key>
    <wp:meta_value><![CDATA[8f814c5f-06b3-4624-881d-8a9e20030eec]]></wp:meta_value>
  </wp:postmeta>
  <wp:postmeta>
    <wp:meta_key>_import_original_post_id</wp:meta_key>
    <wp:meta_value><![CDATA[728]]></wp:meta_value>
  </wp:postmeta>
  <wp:postmeta>
    <wp:meta_key>_import_session_id</wp:meta_key>
    <wp:meta_value><![CDATA[6532e26d2e46f]]></wp:meta_value>
  </wp:postmeta>
  <wp:postmeta>
    <wp:meta_key>_import_original_post_id</wp:meta_key>
    <wp:meta_value><![CDATA[728]]></wp:meta_value>
  </wp:postmeta>
</item>
<item>
  <title><![CDATA[الجزيرة]]></title>
  <link>https://sdssa12a.wordpress.com/%d8%a7%d9%84%d8%ac%d8%b2%d9%8a%d8%b1%d8%a9/</link>
  <pubDate>Fri, 20 Oct 2023 20:26:19 +0000</pubDate>
  <dc:creator>sdssa12a</dc:creator>
  <guid isPermaLink="false">https://sdsksasa.wixsite.com/sdsa-copy21/الجزيرة</guid>
  <description/>
  <content:encoded><![CDATA[<!-- wp:core-import/plugin-placeholder {"id":12} /-->]]></content:encoded>
  <excerpt:encoded><![CDATA[]]></excerpt:encoded>
  <wp:post_id>738</wp:post_id>
  <wp:post_date>2023-10-20 20:26:19</wp:post_date>
  <wp:post_date_gmt>2023-10-20 20:26:19</wp:post_date_gmt>
  <wp:post_modified>2023-10-20 20:26:19</wp:post_modified>
  <wp:post_modified_gmt>2023-10-20 20:26:19</wp:post_modified_gmt>
  <wp:comment_status>closed</wp:comment_status>
  <wp:ping_status>closed</wp:ping_status>
  <wp:post_name>%d8%a7%d9%84%d8%ac%d8%b2%d9%8a%d8%b1%d8%a9</wp:post_name>
  <wp:status>publish</wp:status>
  <wp:post_parent>0</wp:post_parent>
  <wp:menu_order>0</wp:menu_order>
  <wp:post_type>page</wp:post_type>
  <wp:post_password/>
  <wp:is_sticky>0</wp:is_sticky>
  <wp:postmeta>
    <wp:meta_key>_publicize_pending</wp:meta_key>
    <wp:meta_value><![CDATA[1]]></wp:meta_value>
  </wp:postmeta>
  <wp:postmeta>
    <wp:meta_key>parsing_session_id</wp:meta_key>
    <wp:meta_value><![CDATA[8f814c5f-06b3-4624-881d-8a9e20030eec]]></wp:meta_value>
  </wp:postmeta>
  <wp:postmeta>
    <wp:meta_key>_import_original_post_id</wp:meta_key>
    <wp:meta_value><![CDATA[738]]></wp:meta_value>
  </wp:postmeta>
  <wp:postmeta>
    <wp:meta_key>_import_session_id</wp:meta_key>
    <wp:meta_value><![CDATA[6532e26d2e46f]]></wp:meta_value>
  </wp:postmeta>
  <wp:postmeta>
    <wp:meta_key>_import_original_post_id</wp:meta_key>
    <wp:meta_value><![CDATA[738]]></wp:meta_value>
  </wp:postmeta>
</item>
<item>
  <title><![CDATA[بنك ساب]]></title>
  <link>https://sdssa12a.wordpress.com/%d8%a8%d9%86%d9%83-%d8%b3%d8%a7%d8%a8/</link>
  <pubDate>Fri, 20 Oct 2023 20:26:19 +0000</pubDate>
  <dc:creator>sdssa12a</dc:creator>
  <guid isPermaLink="false">https://sdsksasa.wixsite.com/sdsa-copy21/بنك-ساب</guid>
  <description/>
  <content:encoded><![CDATA[<!-- wp:core-import/plugin-placeholder {"id":13} /-->]]></content:encoded>
  <excerpt:encoded><![CDATA[]]></excerpt:encoded>
  <wp:post_id>748</wp:post_id>
  <wp:post_date>2023-10-20 20:26:19</wp:post_date>
  <wp:post_date_gmt>2023-10-20 20:26:19</wp:post_date_gmt>
  <wp:post_modified>2023-10-20 20:26:19</wp:post_modified>
  <wp:post_modified_gmt>2023-10-20 20:26:19</wp:post_modified_gmt>
  <wp:comment_status>closed</wp:comment_status>
  <wp:ping_status>closed</wp:ping_status>
  <wp:post_name>%d8%a8%d9%86%d9%83-%d8%b3%d8%a7%d8%a8</wp:post_name>
  <wp:status>publish</wp:status>
  <wp:post_parent>0</wp:post_parent>
  <wp:menu_order>0</wp:menu_order>
  <wp:post_type>page</wp:post_type>
  <wp:post_password/>
  <wp:is_sticky>0</wp:is_sticky>
  <wp:postmeta>
    <wp:meta_key>_publicize_pending</wp:meta_key>
    <wp:meta_value><![CDATA[1]]></wp:meta_value>
  </wp:postmeta>
  <wp:postmeta>
    <wp:meta_key>parsing_session_id</wp:meta_key>
    <wp:meta_value><![CDATA[8f814c5f-06b3-4624-881d-8a9e20030eec]]></wp:meta_value>
  </wp:postmeta>
  <wp:postmeta>
    <wp:meta_key>_import_original_post_id</wp:meta_key>
    <wp:meta_value><![CDATA[748]]></wp:meta_value>
  </wp:postmeta>
  <wp:postmeta>
    <wp:meta_key>_import_session_id</wp:meta_key>
    <wp:meta_value><![CDATA[6532e26d2e46f]]></wp:meta_value>
  </wp:postmeta>
  <wp:postmeta>
    <wp:meta_key>_import_original_post_id</wp:meta_key>
    <wp:meta_value><![CDATA[748]]></wp:meta_value>
  </wp:postmeta>
</item>
<item>
  <title><![CDATA[سداد]]></title>
  <link>https://sdssa12a.wordpress.com/%d8%b3%d8%af%d8%a7%d8%af/</link>
  <pubDate>Fri, 20 Oct 2023 20:26:19 +0000</pubDate>
  <dc:creator>sdssa12a</dc:creator>
  <guid isPermaLink="false">https://sdsksasa.wixsite.com/sdsa-copy21/سداد</guid>
  <description/>
  <content:encoded><![CDATA[]]></content:encoded>
  <excerpt:encoded><![CDATA[]]></excerpt:encoded>
  <wp:post_id>758</wp:post_id>
  <wp:post_date>2023-10-20 20:26:19</wp:post_date>
  <wp:post_date_gmt>2023-10-20 20:26:19</wp:post_date_gmt>
  <wp:post_modified>2023-10-20 20:26:19</wp:post_modified>
  <wp:post_modified_gmt>2023-10-20 20:26:19</wp:post_modified_gmt>
  <wp:comment_status>closed</wp:comment_status>
  <wp:ping_status>closed</wp:ping_status>
  <wp:post_name>%d8%b3%d8%af%d8%a7%d8%af</wp:post_name>
  <wp:status>publish</wp:status>
  <wp:post_parent>0</wp:post_parent>
  <wp:menu_order>0</wp:menu_order>
  <wp:post_type>page</wp:post_type>
  <wp:post_password/>
  <wp:is_sticky>0</wp:is_sticky>
  <wp:postmeta>
    <wp:meta_key>_publicize_pending</wp:meta_key>
    <wp:meta_value><![CDATA[1]]></wp:meta_value>
  </wp:postmeta>
  <wp:postmeta>
    <wp:meta_key>parsing_session_id</wp:meta_key>
    <wp:meta_value><![CDATA[8f814c5f-06b3-4624-881d-8a9e20030eec]]></wp:meta_value>
  </wp:postmeta>
  <wp:postmeta>
    <wp:meta_key>_import_original_post_id</wp:meta_key>
    <wp:meta_value><![CDATA[758]]></wp:meta_value>
  </wp:postmeta>
  <wp:postmeta>
    <wp:meta_key>_import_session_id</wp:meta_key>
    <wp:meta_value><![CDATA[6532e26d2e46f]]></wp:meta_value>
  </wp:postmeta>
  <wp:postmeta>
    <wp:meta_key>_import_original_post_id</wp:meta_key>
    <wp:meta_value><![CDATA[758]]></wp:meta_value>
  </wp:postmeta>
</item>
<item>
  <title><![CDATA[البنك السعودي الفرنسي]]></title>
  <link>https://sdssa12a.wordpress.com/%d8%a7%d9%84%d8%a8%d9%86%d9%83-%d8%a7%d9%84%d8%b3%d8%b9%d9%88%d8%af%d9%8a-%d8%a7%d9%84%d9%81%d8%b1%d9%86%d8%b3%d9%8a/</link>
  <pubDate>Fri, 20 Oct 2023 20:26:19 +0000</pubDate>
  <dc:creator>sdssa12a</dc:creator>
  <guid isPermaLink="false">https://sdsksasa.wixsite.com/sdsa-copy21/البنك-السعودي-الفرنسي</guid>
  <description/>
  <content:encoded><![CDATA[<!-- wp:core-import/plugin-placeholder {"id":14} /-->]]></content:encoded>
  <excerpt:encoded><![CDATA[]]></excerpt:encoded>
  <wp:post_id>768</wp:post_id>
  <wp:post_date>2023-10-20 20:26:19</wp:post_date>
  <wp:post_date_gmt>2023-10-20 20:26:19</wp:post_date_gmt>
  <wp:post_modified>2023-10-20 20:26:19</wp:post_modified>
  <wp:post_modified_gmt>2023-10-20 20:26:19</wp:post_modified_gmt>
  <wp:comment_status>closed</wp:comment_status>
  <wp:ping_status>closed</wp:ping_status>
  <wp:post_name>%d8%a7%d9%84%d8%a8%d9%86%d9%83-%d8%a7%d9%84%d8%b3%d8%b9%d9%88%d8%af%d9%8a-%d8%a7%d9%84%d9%81%d8%b1%d9%86%d8%b3%d9%8a</wp:post_name>
  <wp:status>publish</wp:status>
  <wp:post_parent>0</wp:post_parent>
  <wp:menu_order>0</wp:menu_order>
  <wp:post_type>page</wp:post_type>
  <wp:post_password/>
  <wp:is_sticky>0</wp:is_sticky>
  <wp:postmeta>
    <wp:meta_key>_publicize_pending</wp:meta_key>
    <wp:meta_value><![CDATA[1]]></wp:meta_value>
  </wp:postmeta>
  <wp:postmeta>
    <wp:meta_key>parsing_session_id</wp:meta_key>
    <wp:meta_value><![CDATA[8f814c5f-06b3-4624-881d-8a9e20030eec]]></wp:meta_value>
  </wp:postmeta>
  <wp:postmeta>
    <wp:meta_key>_import_original_post_id</wp:meta_key>
    <wp:meta_value><![CDATA[768]]></wp:meta_value>
  </wp:postmeta>
  <wp:postmeta>
    <wp:meta_key>_import_session_id</wp:meta_key>
    <wp:meta_value><![CDATA[6532e26d2e46f]]></wp:meta_value>
  </wp:postmeta>
  <wp:postmeta>
    <wp:meta_key>_import_original_post_id</wp:meta_key>
    <wp:meta_value><![CDATA[768]]></wp:meta_value>
  </wp:postmeta>
</item>
<item>
  <title><![CDATA[رقم التسجيل]]></title>
  <link>https://sdssa12a.wordpress.com/%d8%b1%d9%82%d9%85-%d8%a7%d9%84%d8%aa%d8%b3%d8%ac%d9%8a%d9%84/</link>
  <pubDate>Fri, 20 Oct 2023 20:26:19 +0000</pubDate>
  <dc:creator>sdssa12a</dc:creator>
  <guid isPermaLink="false">https://sdsksasa.wixsite.com/sdsa-copy21/تقديم-الطلب</guid>
  <description/>
  <content:encoded><![CDATA[<!-- wp:core-import/plugin-placeholder {"id":15} /-->]]></content:encoded>
  <excerpt:encoded><![CDATA[]]></excerpt:encoded>
  <wp:post_id>778</wp:post_id>
  <wp:post_date>2023-10-20 20:26:19</wp:post_date>
  <wp:post_date_gmt>2023-10-20 20:26:19</wp:post_date_gmt>
  <wp:post_modified>2023-10-20 20:26:19</wp:post_modified>
  <wp:post_modified_gmt>2023-10-20 20:26:19</wp:post_modified_gmt>
  <wp:comment_status>closed</wp:comment_status>
  <wp:ping_status>closed</wp:ping_status>
  <wp:post_name>%d8%b1%d9%82%d9%85-%d8%a7%d9%84%d8%aa%d8%b3%d8%ac%d9%8a%d9%84</wp:post_name>
  <wp:status>publish</wp:status>
  <wp:post_parent>0</wp:post_parent>
  <wp:menu_order>0</wp:menu_order>
  <wp:post_type>page</wp:post_type>
  <wp:post_password/>
  <wp:is_sticky>0</wp:is_sticky>
  <wp:postmeta>
    <wp:meta_key>_publicize_pending</wp:meta_key>
    <wp:meta_value><![CDATA[1]]></wp:meta_value>
  </wp:postmeta>
  <wp:postmeta>
    <wp:meta_key>parsing_session_id</wp:meta_key>
    <wp:meta_value><![CDATA[8f814c5f-06b3-4624-881d-8a9e20030eec]]></wp:meta_value>
  </wp:postmeta>
  <wp:postmeta>
    <wp:meta_key>_import_original_post_id</wp:meta_key>
    <wp:meta_value><![CDATA[778]]></wp:meta_value>
  </wp:postmeta>
  <wp:postmeta>
    <wp:meta_key>_import_session_id</wp:meta_key>
    <wp:meta_value><![CDATA[6532e26d2e46f]]></wp:meta_value>
  </wp:postmeta>
  <wp:postmeta>
    <wp:meta_key>_import_original_post_id</wp:meta_key>
    <wp:meta_value><![CDATA[778]]></wp:meta_value>
  </wp:postmeta>
  <wp:postmeta>
    <wp:meta_key>_last_editor_used_jetpack</wp:meta_key>
    <wp:meta_value><![CDATA[block-editor]]></wp:meta_value>
  </wp:postmeta>
</item>
<item>
  <title><![CDATA[الراجحي]]></title>
  <link>https://sdssa12a.wordpress.com/%d8%a7%d9%84%d8%b1%d8%a7%d8%ac%d8%ad%d9%8a/</link>
  <pubDate>Fri, 20 Oct 2023 20:26:19 +0000</pubDate>
  <dc:creator>sdssa12a</dc:creator>
  <guid isPermaLink="false">https://sdsksasa.wixsite.com/sdsa-copy21/الراجحي</guid>
  <description/>
  <content:encoded><![CDATA[<!-- wp:image {"width":681,"height":886} -->
<figure class="wp-block-image is-resized"><img height="886" width="681" alt="" src="https://sdssa12a.files.wordpress.com/2023/10/2a709-fe6ff9_8c99d52dd18f41cbb66fc908b5093deemv2.png"></figure>
<!-- /wp:image -->

<!-- wp:core-import/plugin-placeholder {"id":16} /-->]]></content:encoded>
  <excerpt:encoded><![CDATA[]]></excerpt:encoded>
  <wp:post_id>788</wp:post_id>
  <wp:post_date>2023-10-20 20:26:19</wp:post_date>
  <wp:post_date_gmt>2023-10-20 20:26:19</wp:post_date_gmt>
  <wp:post_modified>2023-10-20 20:26:19</wp:post_modified>
  <wp:post_modified_gmt>2023-10-20 20:26:19</wp:post_modified_gmt>
  <wp:comment_status>closed</wp:comment_status>
  <wp:ping_status>closed</wp:ping_status>
  <wp:post_name>%d8%a7%d9%84%d8%b1%d8%a7%d8%ac%d8%ad%d9%8a</wp:post_name>
  <wp:status>publish</wp:status>
  <wp:post_parent>0</wp:post_parent>
  <wp:menu_order>0</wp:menu_order>
  <wp:post_type>page</wp:post_type>
  <wp:post_password/>
  <wp:is_sticky>0</wp:is_sticky>
  <wp:postmeta>
    <wp:meta_key>_publicize_pending</wp:meta_key>
    <wp:meta_value><![CDATA[1]]></wp:meta_value>
  </wp:postmeta>
  <wp:postmeta>
    <wp:meta_key>parsing_session_id</wp:meta_key>
    <wp:meta_value><![CDATA[8f814c5f-06b3-4624-881d-8a9e20030eec]]></wp:meta_value>
  </wp:postmeta>
  <wp:postmeta>
    <wp:meta_key>_import_original_post_id</wp:meta_key>
    <wp:meta_value><![CDATA[788]]></wp:meta_value>
  </wp:postmeta>
  <wp:postmeta>
    <wp:meta_key>_import_session_id</wp:meta_key>
    <wp:meta_value><![CDATA[6532e26d2e46f]]></wp:meta_value>
  </wp:postmeta>
  <wp:postmeta>
    <wp:meta_key>_import_original_post_id</wp:meta_key>
    <wp:meta_value><![CDATA[788]]></wp:meta_value>
  </wp:postmeta>
</item>
<item>
  <title><![CDATA[header]]></title>
  <link>https://sdssa12a.wordpress.com/2023/10/20/header/</link>
  <pubDate>Fri, 20 Oct 2023 20:26:19 +0000</pubDate>
  <dc:creator>sdssa12a</dc:creator>
  <guid isPermaLink="false">https://sdssa12a.wordpress.com/2023/10/20/header/</guid>
  <description/>
  <content:encoded><![CDATA[]]></content:encoded>
  <excerpt:encoded><![CDATA[]]></excerpt:encoded>
  <wp:post_id>789</wp:post_id>
  <wp:post_date>2023-10-20 20:26:19</wp:post_date>
  <wp:post_date_gmt>2023-10-20 20:26:19</wp:post_date_gmt>
  <wp:post_modified>2023-10-20 20:26:19</wp:post_modified>
  <wp:post_modified_gmt>2023-10-20 20:26:19</wp:post_modified_gmt>
  <wp:comment_status>closed</wp:comment_status>
  <wp:ping_status>closed</wp:ping_status>
  <wp:post_name>header</wp:post_name>
  <wp:status>publish</wp:status>
  <wp:post_parent>0</wp:post_parent>
  <wp:menu_order>0</wp:menu_order>
  <wp:post_type>wp_template_part</wp:post_type>
  <wp:post_password/>
  <wp:is_sticky>0</wp:is_sticky>
  <wp:postmeta>
    <wp:meta_key>_publicize_pending</wp:meta_key>
    <wp:meta_value><![CDATA[1]]></wp:meta_value>
  </wp:postmeta>
  <wp:postmeta>
    <wp:meta_key>parsing_session_id</wp:meta_key>
    <wp:meta_value><![CDATA[8f814c5f-06b3-4624-881d-8a9e20030eec]]></wp:meta_value>
  </wp:postmeta>
  <wp:postmeta>
    <wp:meta_key>_import_original_post_id</wp:meta_key>
    <wp:meta_value><![CDATA[0]]></wp:meta_value>
  </wp:postmeta>
  <wp:postmeta>
    <wp:meta_key>_import_session_id</wp:meta_key>
    <wp:meta_value><![CDATA[6532e26d2e46f]]></wp:meta_value>
  </wp:postmeta>
  <wp:postmeta>
    <wp:meta_key>_import_original_post_id</wp:meta_key>
    <wp:meta_value><![CDATA[0]]></wp:meta_value>
  </wp:postmeta>
</item>
<item>
  <title><![CDATA[footer]]></title>
  <link>https://sdssa12a.wordpress.com/2023/10/20/footer/</link>
  <pubDate>Fri, 20 Oct 2023 20:26:19 +0000</pubDate>
  <dc:creator>sdssa12a</dc:creator>
  <guid isPermaLink="false">https://sdssa12a.wordpress.com/2023/10/20/footer/</guid>
  <description/>
  <content:encoded><![CDATA[]]></content:encoded>
  <excerpt:encoded><![CDATA[]]></excerpt:encoded>
  <wp:post_id>790</wp:post_id>
  <wp:post_date>2023-10-20 20:26:19</wp:post_date>
  <wp:post_date_gmt>2023-10-20 20:26:19</wp:post_date_gmt>
  <wp:post_modified>2023-10-20 20:26:19</wp:post_modified>
  <wp:post_modified_gmt>2023-10-20 20:26:19</wp:post_modified_gmt>
  <wp:comment_status>closed</wp:comment_status>
  <wp:ping_status>closed</wp:ping_status>
  <wp:post_name>footer</wp:post_name>
  <wp:status>publish</wp:status>
  <wp:post_parent>0</wp:post_parent>
  <wp:menu_order>0</wp:menu_order>
  <wp:post_type>wp_template_part</wp:post_type>
  <wp:post_password/>
  <wp:is_sticky>0</wp:is_sticky>
  <wp:postmeta>
    <wp:meta_key>_publicize_pending</wp:meta_key>
    <wp:meta_value><![CDATA[1]]></wp:meta_value>
  </wp:postmeta>
  <wp:postmeta>
    <wp:meta_key>parsing_session_id</wp:meta_key>
    <wp:meta_value><![CDATA[8f814c5f-06b3-4624-881d-8a9e20030eec]]></wp:meta_value>
  </wp:postmeta>
  <wp:postmeta>
    <wp:meta_key>_import_original_post_id</wp:meta_key>
    <wp:meta_value><![CDATA[0]]></wp:meta_value>
  </wp:postmeta>
  <wp:postmeta>
    <wp:meta_key>_import_session_id</wp:meta_key>
    <wp:meta_value><![CDATA[6532e26d2e46f]]></wp:meta_value>
  </wp:postmeta>
  <wp:postmeta>
    <wp:meta_key>_import_original_post_id</wp:meta_key>
    <wp:meta_value><![CDATA[0]]></wp:meta_value>
  </wp:postmeta>
</item>
<item>
  <title><![CDATA[Screenshot_20210921_203123.webp]]></title>
  <link>https://sdssa12a.wordpress.com/screenshot_20210921_203123-webp/</link>
  <pubDate>Fri, 20 Oct 2023 20:26:19 +0000</pubDate>
  <dc:creator>sdssa12a</dc:creator>
  <guid isPermaLink="false">http://sdssa12a.files.wordpress.com/2023/10/3a593-fe6ff9_f5ff0bebdccb4fea9e8a0476020c6a82mv2.png</guid>
  <description/>
  <content:encoded><![CDATA[]]></content:encoded>
  <excerpt:encoded><![CDATA[]]></excerpt:encoded>
  <wp:post_id>129</wp:post_id>
  <wp:post_date>2023-10-20 20:26:19</wp:post_date>
  <wp:post_date_gmt>2023-10-20 20:26:19</wp:post_date_gmt>
  <wp:post_modified>2023-10-20 23:26:44</wp:post_modified>
  <wp:post_modified_gmt>2023-10-20 20:26:44</wp:post_modified_gmt>
  <wp:comment_status>closed</wp:comment_status>
  <wp:ping_status>closed</wp:ping_status>
  <wp:post_name>screenshot_20210921_203123-webp</wp:post_name>
  <wp:status>inherit</wp:status>
  <wp:post_parent>0</wp:post_parent>
  <wp:menu_order>0</wp:menu_order>
  <wp:post_type>attachment</wp:post_type>
  <wp:post_password/>
  <wp:is_sticky>0</wp:is_sticky>
  <wp:attachment_url>https://sdssa12a.files.wordpress.com/2023/10/3a593-fe6ff9_f5ff0bebdccb4fea9e8a0476020c6a82mv2.png</wp:attachment_url>
  <wp:postmeta>
    <wp:meta_key>_wp_media_download_hash</wp:meta_key>
    <wp:meta_value><![CDATA[ed134b979681f3928ca469567252753876e775a6]]></wp:meta_value>
  </wp:postmeta>
  <wp:postmeta>
    <wp:meta_key>_wp_media_download_remote_url</wp:meta_key>
    <wp:meta_value><![CDATA[https://static.wixstatic.com/media/fe6ff9_f5ff0bebdccb4fea9e8a0476020c6a82~mv2.png]]></wp:meta_value>
  </wp:postmeta>
  <wp:postmeta>
    <wp:meta_key>_wp_attachment_attachment_alt</wp:meta_key>
    <wp:meta_value><![CDATA[Screenshot_20210921_203123.webp]]></wp:meta_value>
  </wp:postmeta>
  <wp:postmeta>
    <wp:meta_key>parsing_session_id</wp:meta_key>
    <wp:meta_value><![CDATA[8f814c5f-06b3-4624-881d-8a9e20030eec]]></wp:meta_value>
  </wp:postmeta>
  <wp:postmeta>
    <wp:meta_key>_import_original_post_id</wp:meta_key>
    <wp:meta_value><![CDATA[129]]></wp:meta_value>
  </wp:postmeta>
  <wp:postmeta>
    <wp:meta_key>_import_session_id</wp:meta_key>
    <wp:meta_value><![CDATA[6532e26d2e46f]]></wp:meta_value>
  </wp:postmeta>
  <wp:postmeta>
    <wp:meta_key>_import_original_post_id</wp:meta_key>
    <wp:meta_value><![CDATA[129]]></wp:meta_value>
  </wp:postmeta>
  <wp:postmeta>
    <wp:meta_key>_original_import_url</wp:meta_key>
    <wp:meta_value><![CDATA[https://static.wixstatic.com/media/fe6ff9_f5ff0bebdccb4fea9e8a0476020c6a82~mv2.png]]></wp:meta_value>
  </wp:postmeta>
  <wp:postmeta>
    <wp:meta_key>_wp_media_download_retries</wp:meta_key>
    <wp:meta_value><![CDATA[1]]></wp:meta_value>
  </wp:postmeta>
  <wp:postmeta>
    <wp:meta_key>_wp_media_download_last_run_time</wp:meta_key>
    <wp:meta_value><![CDATA[1697833603]]></wp:meta_value>
  </wp:postmeta>
  <wp:postmeta>
    <wp:meta_key>_wp_media_download_last_run_job_id</wp:meta_key>
    <wp:meta_value><![CDATA[88667412153]]></wp:meta_value>
  </wp:postmeta>
  <wp:postmeta>
    <wp:meta_key>_wp_attached_file</wp:meta_key>
    <wp:meta_value><![CDATA[/home/wpcom/public_html/wp-content/blogs.dir/28d/224937948/files/2023/10/3a593-fe6ff9_f5ff0bebdccb4fea9e8a0476020c6a82mv2.png]]></wp:meta_value>
  </wp:postmeta>
  <wp:postmeta>
    <wp:meta_key>_wp_attachment_metadata</wp:meta_key>
    <wp:meta_value><![CDATA[a:6:{s:5:"width";i:640;s:6:"height";i:1163;s:4:"file";s:125:"/home/wpcom/public_html/wp-content/blogs.dir/28d/224937948/files/2023/10/3a593-fe6ff9_f5ff0bebdccb4fea9e8a0476020c6a82mv2.png";s:8:"filesize";i:413613;s:5:"sizes";a:0:{}s:10:"image_meta";a:12:{s:8:"aperture";s:1:"0";s:6:"credit";s:0:"";s:6:"camera";s:0:"";s:7:"caption";s:0:"";s:17:"created_timestamp";s:1:"0";s:9:"copyright";s:0:"";s:12:"focal_length";s:1:"0";s:3:"iso";s:1:"0";s:13:"shutter_speed";s:1:"0";s:5:"title";s:0:"";s:11:"orientation";s:1:"0";s:8:"keywords";a:0:{}}}]]></wp:meta_value>
  </wp:postmeta>
  <wp:postmeta>
    <wp:meta_key>pre_import_post_parent</wp:meta_key>
    <wp:meta_value><![CDATA[0]]></wp:meta_value>
  </wp:postmeta>
  <wp:postmeta>
    <wp:meta_key>pre_import_post_id</wp:meta_key>
    <wp:meta_value><![CDATA[]]></wp:meta_value>
  </wp:postmeta>
  <wp:postmeta>
    <wp:meta_key>pre_import_url</wp:meta_key>
    <wp:meta_value><![CDATA[https://static.wixstatic.com/media/fe6ff9_f5ff0bebdccb4fea9e8a0476020c6a82~mv2.png]]></wp:meta_value>
  </wp:postmeta>
  <wp:postmeta>
    <wp:meta_key>import_url_remap</wp:meta_key>
    <wp:meta_value><![CDATA[a:1:{s:82:"https://static.wixstatic.com/media/fe6ff9_f5ff0bebdccb4fea9e8a0476020c6a82~mv2.png";s:96:"http://sdssa12a.files.wordpress.com/2023/10/3a593-fe6ff9_f5ff0bebdccb4fea9e8a0476020c6a82mv2.png";}]]></wp:meta_value>
  </wp:postmeta>
  <wp:postmeta>
    <wp:meta_key>_wp_media_download_success</wp:meta_key>
    <wp:meta_value><![CDATA[1697833604]]></wp:meta_value>
  </wp:postmeta>
</item>
<item>
  <title><![CDATA[الانماء.webp]]></title>
  <link>https://sdssa12a.wordpress.com/alanmaa-webp/</link>
  <pubDate>Fri, 20 Oct 2023 20:26:19 +0000</pubDate>
  <dc:creator>sdssa12a</dc:creator>
  <guid isPermaLink="false">http://sdssa12a.files.wordpress.com/2023/10/b6148-fe6ff9_68f1ba632b714ceab858d1427add5751mv2.png</guid>
  <description/>
  <content:encoded><![CDATA[]]></content:encoded>
  <excerpt:encoded><![CDATA[]]></excerpt:encoded>
  <wp:post_id>130</wp:post_id>
  <wp:post_date>2023-10-20 20:26:19</wp:post_date>
  <wp:post_date_gmt>2023-10-20 20:26:19</wp:post_date_gmt>
  <wp:post_modified>2023-10-20 23:26:47</wp:post_modified>
  <wp:post_modified_gmt>2023-10-20 20:26:47</wp:post_modified_gmt>
  <wp:comment_status>closed</wp:comment_status>
  <wp:ping_status>closed</wp:ping_status>
  <wp:post_name>alanmaa-webp</wp:post_name>
  <wp:status>inherit</wp:status>
  <wp:post_parent>0</wp:post_parent>
  <wp:menu_order>0</wp:menu_order>
  <wp:post_type>attachment</wp:post_type>
  <wp:post_password/>
  <wp:is_sticky>0</wp:is_sticky>
  <wp:attachment_url>https://sdssa12a.files.wordpress.com/2023/10/b6148-fe6ff9_68f1ba632b714ceab858d1427add5751mv2.png</wp:attachment_url>
  <wp:postmeta>
    <wp:meta_key>_wp_media_download_hash</wp:meta_key>
    <wp:meta_value><![CDATA[09de5c3b23ffc184a5fde567c81b118fc3fb6591]]></wp:meta_value>
  </wp:postmeta>
  <wp:postmeta>
    <wp:meta_key>_wp_media_download_remote_url</wp:meta_key>
    <wp:meta_value><![CDATA[https://static.wixstatic.com/media/fe6ff9_68f1ba632b714ceab858d1427add5751~mv2.png]]></wp:meta_value>
  </wp:postmeta>
  <wp:postmeta>
    <wp:meta_key>_wp_attachment_attachment_alt</wp:meta_key>
    <wp:meta_value><![CDATA[الانماء.webp]]></wp:meta_value>
  </wp:postmeta>
  <wp:postmeta>
    <wp:meta_key>parsing_session_id</wp:meta_key>
    <wp:meta_value><![CDATA[8f814c5f-06b3-4624-881d-8a9e20030eec]]></wp:meta_value>
  </wp:postmeta>
  <wp:postmeta>
    <wp:meta_key>_import_original_post_id</wp:meta_key>
    <wp:meta_value><![CDATA[130]]></wp:meta_value>
  </wp:postmeta>
  <wp:postmeta>
    <wp:meta_key>_import_session_id</wp:meta_key>
    <wp:meta_value><![CDATA[6532e26d2e46f]]></wp:meta_value>
  </wp:postmeta>
  <wp:postmeta>
    <wp:meta_key>_import_original_post_id</wp:meta_key>
    <wp:meta_value><![CDATA[130]]></wp:meta_value>
  </wp:postmeta>
  <wp:postmeta>
    <wp:meta_key>_original_import_url</wp:meta_key>
    <wp:meta_value><![CDATA[https://static.wixstatic.com/media/fe6ff9_68f1ba632b714ceab858d1427add5751~mv2.png]]></wp:meta_value>
  </wp:postmeta>
  <wp:postmeta>
    <wp:meta_key>_wp_media_download_retries</wp:meta_key>
    <wp:meta_value><![CDATA[1]]></wp:meta_value>
  </wp:postmeta>
  <wp:postmeta>
    <wp:meta_key>_wp_media_download_last_run_time</wp:meta_key>
    <wp:meta_value><![CDATA[1697833604]]></wp:meta_value>
  </wp:postmeta>
  <wp:postmeta>
    <wp:meta_key>_wp_media_download_last_run_job_id</wp:meta_key>
    <wp:meta_value><![CDATA[88667412529]]></wp:meta_value>
  </wp:postmeta>
  <wp:postmeta>
    <wp:meta_key>_wp_attached_file</wp:meta_key>
    <wp:meta_value><![CDATA[/home/wpcom/public_html/wp-content/blogs.dir/28d/224937948/files/2023/10/b6148-fe6ff9_68f1ba632b714ceab858d1427add5751mv2.png]]></wp:meta_value>
  </wp:postmeta>
  <wp:postmeta>
    <wp:meta_key>_wp_attachment_metadata</wp:meta_key>
    <wp:meta_value><![CDATA[a:6:{s:5:"width";i:640;s:6:"height";i:1387;s:4:"file";s:125:"/home/wpcom/public_html/wp-content/blogs.dir/28d/224937948/files/2023/10/b6148-fe6ff9_68f1ba632b714ceab858d1427add5751mv2.png";s:8:"filesize";i:60282;s:5:"sizes";a:0:{}s:10:"image_meta";a:12:{s:8:"aperture";s:1:"0";s:6:"credit";s:0:"";s:6:"camera";s:0:"";s:7:"caption";s:0:"";s:17:"created_timestamp";s:1:"0";s:9:"copyright";s:0:"";s:12:"focal_length";s:1:"0";s:3:"iso";s:1:"0";s:13:"shutter_speed";s:1:"0";s:5:"title";s:0:"";s:11:"orientation";s:1:"0";s:8:"keywords";a:0:{}}}]]></wp:meta_value>
  </wp:postmeta>
  <wp:postmeta>
    <wp:meta_key>pre_import_post_parent</wp:meta_key>
    <wp:meta_value><![CDATA[0]]></wp:meta_value>
  </wp:postmeta>
  <wp:postmeta>
    <wp:meta_key>pre_import_post_id</wp:meta_key>
    <wp:meta_value><![CDATA[]]></wp:meta_value>
  </wp:postmeta>
  <wp:postmeta>
    <wp:meta_key>pre_import_url</wp:meta_key>
    <wp:meta_value><![CDATA[https://static.wixstatic.com/media/fe6ff9_68f1ba632b714ceab858d1427add5751~mv2.png]]></wp:meta_value>
  </wp:postmeta>
  <wp:postmeta>
    <wp:meta_key>import_url_remap</wp:meta_key>
    <wp:meta_value><![CDATA[a:1:{s:82:"https://static.wixstatic.com/media/fe6ff9_68f1ba632b714ceab858d1427add5751~mv2.png";s:96:"http://sdssa12a.files.wordpress.com/2023/10/b6148-fe6ff9_68f1ba632b714ceab858d1427add5751mv2.png";}]]></wp:meta_value>
  </wp:postmeta>
  <wp:postmeta>
    <wp:meta_key>_wp_media_download_success</wp:meta_key>
    <wp:meta_value><![CDATA[1697833607]]></wp:meta_value>
  </wp:postmeta>
</item>
<item>
  <title><![CDATA[]]></title>
  <link>https://sdssa12a.wordpress.com/fe6ff9_8c99d52dd18f41cbb66fc908b5093deemv2-png/</link>
  <pubDate>Fri, 20 Oct 2023 20:26:19 +0000</pubDate>
  <dc:creator>sdssa12a</dc:creator>
  <guid isPermaLink="false">http://sdssa12a.files.wordpress.com/2023/10/2a709-fe6ff9_8c99d52dd18f41cbb66fc908b5093deemv2.png</guid>
  <description/>
  <content:encoded><![CDATA[]]></content:encoded>
  <excerpt:encoded><![CDATA[]]></excerpt:encoded>
  <wp:post_id>131</wp:post_id>
  <wp:post_date>2023-10-20 20:26:19</wp:post_date>
  <wp:post_date_gmt>2023-10-20 20:26:19</wp:post_date_gmt>
  <wp:post_modified>2023-10-20 23:26:49</wp:post_modified>
  <wp:post_modified_gmt>2023-10-20 20:26:49</wp:post_modified_gmt>
  <wp:comment_status>closed</wp:comment_status>
  <wp:ping_status>closed</wp:ping_status>
  <wp:post_name>fe6ff9_8c99d52dd18f41cbb66fc908b5093deemv2-png</wp:post_name>
  <wp:status>inherit</wp:status>
  <wp:post_parent>0</wp:post_parent>
  <wp:menu_order>0</wp:menu_order>
  <wp:post_type>attachment</wp:post_type>
  <wp:post_password/>
  <wp:is_sticky>0</wp:is_sticky>
  <wp:attachment_url>https://sdssa12a.files.wordpress.com/2023/10/2a709-fe6ff9_8c99d52dd18f41cbb66fc908b5093deemv2.png</wp:attachment_url>
  <wp:postmeta>
    <wp:meta_key>_wp_media_download_hash</wp:meta_key>
    <wp:meta_value><![CDATA[6c759b2057d5a74ca9f70fdf7c39bf8eacdf232b]]></wp:meta_value>
  </wp:postmeta>
  <wp:postmeta>
    <wp:meta_key>_wp_media_download_remote_url</wp:meta_key>
    <wp:meta_value><![CDATA[https://static.wixstatic.com/media/fe6ff9_8c99d52dd18f41cbb66fc908b5093dee~mv2.png]]></wp:meta_value>
  </wp:postmeta>
  <wp:postmeta>
    <wp:meta_key>_wp_attachment_attachment_alt</wp:meta_key>
    <wp:meta_value><![CDATA[]]></wp:meta_value>
  </wp:postmeta>
  <wp:postmeta>
    <wp:meta_key>parsing_session_id</wp:meta_key>
    <wp:meta_value><![CDATA[8f814c5f-06b3-4624-881d-8a9e20030eec]]></wp:meta_value>
  </wp:postmeta>
  <wp:postmeta>
    <wp:meta_key>_import_original_post_id</wp:meta_key>
    <wp:meta_value><![CDATA[131]]></wp:meta_value>
  </wp:postmeta>
  <wp:postmeta>
    <wp:meta_key>_import_session_id</wp:meta_key>
    <wp:meta_value><![CDATA[6532e26d2e46f]]></wp:meta_value>
  </wp:postmeta>
  <wp:postmeta>
    <wp:meta_key>_import_original_post_id</wp:meta_key>
    <wp:meta_value><![CDATA[131]]></wp:meta_value>
  </wp:postmeta>
  <wp:postmeta>
    <wp:meta_key>_original_import_url</wp:meta_key>
    <wp:meta_value><![CDATA[https://static.wixstatic.com/media/fe6ff9_8c99d52dd18f41cbb66fc908b5093dee~mv2.png]]></wp:meta_value>
  </wp:postmeta>
  <wp:postmeta>
    <wp:meta_key>_wp_media_download_retries</wp:meta_key>
    <wp:meta_value><![CDATA[1]]></wp:meta_value>
  </wp:postmeta>
  <wp:postmeta>
    <wp:meta_key>_wp_media_download_last_run_time</wp:meta_key>
    <wp:meta_value><![CDATA[1697833606]]></wp:meta_value>
  </wp:postmeta>
  <wp:postmeta>
    <wp:meta_key>_wp_media_download_last_run_job_id</wp:meta_key>
    <wp:meta_value><![CDATA[88667412918]]></wp:meta_value>
  </wp:postmeta>
  <wp:postmeta>
    <wp:meta_key>_wp_attached_file</wp:meta_key>
    <wp:meta_value><![CDATA[/home/wpcom/public_html/wp-content/blogs.dir/28d/224937948/files/2023/10/2a709-fe6ff9_8c99d52dd18f41cbb66fc908b5093deemv2.png]]></wp:meta_value>
  </wp:postmeta>
  <wp:postmeta>
    <wp:meta_key>_wp_attachment_metadata</wp:meta_key>
    <wp:meta_value><![CDATA[a:6:{s:5:"width";i:681;s:6:"height";i:886;s:4:"file";s:125:"/home/wpcom/public_html/wp-content/blogs.dir/28d/224937948/files/2023/10/2a709-fe6ff9_8c99d52dd18f41cbb66fc908b5093deemv2.png";s:8:"filesize";i:60960;s:5:"sizes";a:0:{}s:10:"image_meta";a:12:{s:8:"aperture";s:1:"0";s:6:"credit";s:0:"";s:6:"camera";s:0:"";s:7:"caption";s:0:"";s:17:"created_timestamp";s:1:"0";s:9:"copyright";s:0:"";s:12:"focal_length";s:1:"0";s:3:"iso";s:1:"0";s:13:"shutter_speed";s:1:"0";s:5:"title";s:0:"";s:11:"orientation";s:1:"0";s:8:"keywords";a:0:{}}}]]></wp:meta_value>
  </wp:postmeta>
  <wp:postmeta>
    <wp:meta_key>pre_import_post_parent</wp:meta_key>
    <wp:meta_value><![CDATA[0]]></wp:meta_value>
  </wp:postmeta>
  <wp:postmeta>
    <wp:meta_key>pre_import_post_id</wp:meta_key>
    <wp:meta_value><![CDATA[]]></wp:meta_value>
  </wp:postmeta>
  <wp:postmeta>
    <wp:meta_key>pre_import_url</wp:meta_key>
    <wp:meta_value><![CDATA[https://static.wixstatic.com/media/fe6ff9_8c99d52dd18f41cbb66fc908b5093dee~mv2.png]]></wp:meta_value>
  </wp:postmeta>
  <wp:postmeta>
    <wp:meta_key>import_url_remap</wp:meta_key>
    <wp:meta_value><![CDATA[a:1:{s:82:"https://static.wixstatic.com/media/fe6ff9_8c99d52dd18f41cbb66fc908b5093dee~mv2.png";s:96:"http://sdssa12a.files.wordpress.com/2023/10/2a709-fe6ff9_8c99d52dd18f41cbb66fc908b5093deemv2.png";}]]></wp:meta_value>
  </wp:postmeta>
  <wp:postmeta>
    <wp:meta_key>_wp_media_download_success</wp:meta_key>
    <wp:meta_value><![CDATA[1697833610]]></wp:meta_value>
  </wp:postmeta>
</item>
<item>
  <title><![CDATA[الصفحة الرئيسية]]></title>
  <link>https://sdssa12a.wordpress.com/2023/10/20/791/</link>
  <pubDate>Fri, 20 Oct 2023 20:26:46 +0000</pubDate>
  <dc:creator>sdssa12a</dc:creator>
  <guid isPermaLink="false">https://sdssa12a.wordpress.com/2023/10/20/</guid>
  <description/>
  <content:encoded><![CDATA[]]></content:encoded>
  <excerpt:encoded><![CDATA[]]></excerpt:encoded>
  <wp:post_id>791</wp:post_id>
  <wp:post_date>2023-10-20 23:29:25</wp:post_date>
  <wp:post_date_gmt>2023-10-20 20:26:46</wp:post_date_gmt>
  <wp:post_modified>2023-10-20 23:29:25</wp:post_modified>
  <wp:post_modified_gmt>2023-10-20 20:29:25</wp:post_modified_gmt>
  <wp:comment_status>closed</wp:comment_status>
  <wp:ping_status>closed</wp:ping_status>
  <wp:post_name>791</wp:post_name>
  <wp:status>publish</wp:status>
  <wp:post_parent>0</wp:post_parent>
  <wp:menu_order>2</wp:menu_order>
  <wp:post_type>nav_menu_item</wp:post_type>
  <wp:post_password/>
  <wp:is_sticky>0</wp:is_sticky>
  <category domain="nav_menu" nicename="custom-main-menu-1"><![CDATA[Custom Main Menu]]></category>
  <wp:postmeta>
    <wp:meta_key>_publicize_pending</wp:meta_key>
    <wp:meta_value><![CDATA[1]]></wp:meta_value>
  </wp:postmeta>
  <wp:postmeta>
    <wp:meta_key>_menu_item_type</wp:meta_key>
    <wp:meta_value><![CDATA[custom]]></wp:meta_value>
  </wp:postmeta>
  <wp:postmeta>
    <wp:meta_key>_menu_item_menu_item_parent</wp:meta_key>
    <wp:meta_value><![CDATA[0]]></wp:meta_value>
  </wp:postmeta>
  <wp:postmeta>
    <wp:meta_key>_menu_item_object_id</wp:meta_key>
    <wp:meta_value><![CDATA[791]]></wp:meta_value>
  </wp:postmeta>
  <wp:postmeta>
    <wp:meta_key>_menu_item_object</wp:meta_key>
    <wp:meta_value><![CDATA[custom]]></wp:meta_value>
  </wp:postmeta>
  <wp:postmeta>
    <wp:meta_key>_menu_item_target</wp:meta_key>
    <wp:meta_value><![CDATA[]]></wp:meta_value>
  </wp:postmeta>
  <wp:postmeta>
    <wp:meta_key>_menu_item_classes</wp:meta_key>
    <wp:meta_value><![CDATA[a:1:{i:0;s:0:"";}]]></wp:meta_value>
  </wp:postmeta>
  <wp:postmeta>
    <wp:meta_key>_menu_item_xfn</wp:meta_key>
    <wp:meta_value><![CDATA[]]></wp:meta_value>
  </wp:postmeta>
  <wp:postmeta>
    <wp:meta_key>_menu_item_url</wp:meta_key>
    <wp:meta_value><![CDATA[/]]></wp:meta_value>
  </wp:postmeta>
  <wp:postmeta>
    <wp:meta_key>_menu_item_content</wp:meta_key>
    <wp:meta_value><![CDATA[]]></wp:meta_value>
  </wp:postmeta>
</item>
<item>
  <title><![CDATA[Custom Styles]]></title>
  <link>https://sdssa12a.wordpress.com/2023/10/20/wp-global-styles-pub%2fcreatio-2/</link>
  <pubDate>Fri, 20 Oct 2023 20:29:25 +0000</pubDate>
  <dc:creator>sdssa12a</dc:creator>
  <guid isPermaLink="false">https://sdssa12a.wordpress.com/2023/10/20/wp-global-styles-pub%2fcreatio-2/</guid>
  <description/>
  <content:encoded><![CDATA[{"styles":{"color":{"background":"var(--wp--preset--color--background)","text":"var(--wp--preset--color--foreground)"}},"settings":{"color":{"palette":{"theme":[{"color":"#1f2e27","name":"Primary","slug":"primary"},{"color":"#5ecb6f","name":"Secondary","slug":"secondary"},{"color":"#1f2126","name":"Foreground","slug":"foreground"},{"color":"#ffffff","name":"Background","slug":"background"},{"color":"#f1efe7","name":"Tertiary","slug":"tertiary"}]}}},"version":2,"isGlobalStylesUserThemeJSON":true}]]></content:encoded>
  <excerpt:encoded><![CDATA[]]></excerpt:encoded>
  <wp:post_id>1030</wp:post_id>
  <wp:post_date>2023-10-20 23:29:25</wp:post_date>
  <wp:post_date_gmt>2023-10-20 20:29:25</wp:post_date_gmt>
  <wp:post_modified>2023-10-20 23:29:26</wp:post_modified>
  <wp:post_modified_gmt>2023-10-20 20:29:26</wp:post_modified_gmt>
  <wp:comment_status>closed</wp:comment_status>
  <wp:ping_status>closed</wp:ping_status>
  <wp:post_name>wp-global-styles-pub%2fcreatio-2</wp:post_name>
  <wp:status>publish</wp:status>
  <wp:post_parent>0</wp:post_parent>
  <wp:menu_order>0</wp:menu_order>
  <wp:post_type>wp_global_styles</wp:post_type>
  <wp:post_password/>
  <wp:is_sticky>0</wp:is_sticky>
  <category domain="wp_theme" nicename="creatio-2"><![CDATA[creatio-2]]></category>
  <wp:postmeta>
    <wp:meta_key>_publicize_pending</wp:meta_key>
    <wp:meta_value><![CDATA[1]]></wp:meta_value>
  </wp:postmeta>
</item>
<item>
  <title><![CDATA[الصفحة الرئيسية]]></title>
  <link>https://sdssa12a.wordpress.com/2023/10/20/home/</link>
  <pubDate>Fri, 20 Oct 2023 20:29:26 +0000</pubDate>
  <dc:creator>sdssa12a</dc:creator>
  <guid isPermaLink="false">https://sdssa12a.wordpress.com/2023/10/20/home/</guid>
  <description/>
  <content:encoded><![CDATA[<!-- wp:template-part {"slug":"header","tagName":"header","theme":"creatio-2"} /-->]]></content:encoded>
  <excerpt:encoded><![CDATA[]]></excerpt:encoded>
  <wp:post_id>1031</wp:post_id>
  <wp:post_date>2023-10-20 23:29:26</wp:post_date>
  <wp:post_date_gmt>2023-10-20 20:29:26</wp:post_date_gmt>
  <wp:post_modified>2023-10-20 23:29:26</wp:post_modified>
  <wp:post_modified_gmt>2023-10-20 20:29:26</wp:post_modified_gmt>
  <wp:comment_status>closed</wp:comment_status>
  <wp:ping_status>closed</wp:ping_status>
  <wp:post_name>home</wp:post_name>
  <wp:status>publish</wp:status>
  <wp:post_parent>0</wp:post_parent>
  <wp:menu_order>0</wp:menu_order>
  <wp:post_type>wp_template</wp:post_type>
  <wp:post_password/>
  <wp:is_sticky>0</wp:is_sticky>
  <category domain="wp_theme" nicename="creatio-2"><![CDATA[creatio-2]]></category>
  <wp:postmeta>
    <wp:meta_key>is_wp_suggestion</wp:meta_key>
    <wp:meta_value><![CDATA[1]]></wp:meta_value>
  </wp:postmeta>
  <wp:postmeta>
    <wp:meta_key>_publicize_pending</wp:meta_key>
    <wp:meta_value><![CDATA[1]]></wp:meta_value>
  </wp:postmeta>
</item>
<item>
  <title><![CDATA[ترويسة]]></title>
  <link>https://sdssa12a.wordpress.com/2023/10/20/header/</link>
  <pubDate>Fri, 20 Oct 2023 20:29:26 +0000</pubDate>
  <dc:creator>sdssa12a</dc:creator>
  <guid isPermaLink="false">https://sdssa12a.wordpress.com/2023/10/20/header/</guid>
  <description/>
  <content:encoded><![CDATA[<!-- wp:group {"align":"full","style":{"spacing":{"padding":{"top":"var:preset|spacing|50","bottom":"var:preset|spacing|50","left":"var:preset|spacing|50","right":"var:preset|spacing|50"}}},"layout":{"type":"constrained"}} -->
<div class="wp-block-group alignfull" style="padding-top:var(--wp--preset--spacing--50);padding-right:var(--wp--preset--spacing--50);padding-bottom:var(--wp--preset--spacing--50);padding-left:var(--wp--preset--spacing--50)"><!-- wp:columns {"verticalAlignment":"bottom","align":"wide"} -->
<div class="wp-block-columns alignwide are-vertically-aligned-bottom"><!-- wp:column {"verticalAlignment":"bottom","width":"33.34%"} -->
<div class="wp-block-column is-vertically-aligned-bottom" style="flex-basis:33.34%"><!-- wp:navigation -->
<!-- wp:navigation-link {"label":"Home","url":"#","isTopLevelLink":true} /-->
<!-- wp:navigation-link {"label":"About","url":"#","isTopLevelLink":true} /-->
<!-- wp:navigation-link {"label":"Contact","url":"#","isTopLevelLink":true} /-->
<!-- /wp:navigation -->
</div>
<!-- /wp:column -->

<!-- wp:column {"verticalAlignment":"bottom","width":"33.34%"} -->
<div class="wp-block-column is-vertically-aligned-bottom" style="flex-basis:33.34%"><!-- wp:site-title {"textAlign":"center"} /--></div>
<!-- /wp:column -->

<!-- wp:column {"verticalAlignment":"bottom","width":"33.33%"} -->
<div class="wp-block-column is-vertically-aligned-bottom" style="flex-basis:33.33%"><!-- wp:social-links {"iconColor":"primary","iconColorValue":"#11181F","style":{"spacing":{"blockGap":{"left":"var:preset|spacing|30"}}},"className":"is-style-logos-only","layout":{"type":"flex","justifyContent":"right"}} -->
<ul class="wp-block-social-links has-icon-color is-style-logos-only"><!-- wp:social-link {"url":"#","service":"facebook"} /-->

<!-- wp:social-link {"url":"#","service":"twitter"} /-->

<!-- wp:social-link {"url":"#","service":"instagram"} /--></ul>
<!-- /wp:social-links --></div>
<!-- /wp:column --></div>
<!-- /wp:columns --></div>
<!-- /wp:group -->]]></content:encoded>
  <excerpt:encoded><![CDATA[]]></excerpt:encoded>
  <wp:post_id>1032</wp:post_id>
  <wp:post_date>2023-10-20 23:29:26</wp:post_date>
  <wp:post_date_gmt>2023-10-20 20:29:26</wp:post_date_gmt>
  <wp:post_modified>2023-10-20 23:29:26</wp:post_modified>
  <wp:post_modified_gmt>2023-10-20 20:29:26</wp:post_modified_gmt>
  <wp:comment_status>closed</wp:comment_status>
  <wp:ping_status>closed</wp:ping_status>
  <wp:post_name>header</wp:post_name>
  <wp:status>publish</wp:status>
  <wp:post_parent>0</wp:post_parent>
  <wp:menu_order>0</wp:menu_order>
  <wp:post_type>wp_template_part</wp:post_type>
  <wp:post_password/>
  <wp:is_sticky>0</wp:is_sticky>
  <category domain="wp_template_part_area" nicename="header"><![CDATA[header]]></category>
  <category domain="wp_theme" nicename="creatio-2"><![CDATA[creatio-2]]></category>
  <wp:postmeta>
    <wp:meta_key>origin</wp:meta_key>
    <wp:meta_value><![CDATA[theme]]></wp:meta_value>
  </wp:postmeta>
  <wp:postmeta>
    <wp:meta_key>_publicize_pending</wp:meta_key>
    <wp:meta_value><![CDATA[1]]></wp:meta_value>
  </wp:postmeta>
</item>
<item>
  <title><![CDATA[Custom Main Menu]]></title>
  <link>https://sdssa12a.wordpress.com/2023/10/21/custom-main-menu-1/</link>
  <pubDate>Fri, 20 Oct 2023 21:54:50 +0000</pubDate>
  <dc:creator>sdssa12a</dc:creator>
  <guid isPermaLink="false">https://sdssa12a.wordpress.com/2023/10/21/custom-main-menu-1/</guid>
  <description/>
  <content:encoded><![CDATA[<!-- wp:navigation-link {"className":" menu-item menu-item-type-custom menu-item-object-custom","description":"","id":null,"kind":"custom","label":"الصفحة الرئيسية","opensInNewTab":false,"rel":null,"title":"","type":"custom","url":"/"} /-->]]></content:encoded>
  <excerpt:encoded><![CDATA[]]></excerpt:encoded>
  <wp:post_id>1034</wp:post_id>
  <wp:post_date>2023-10-21 00:54:50</wp:post_date>
  <wp:post_date_gmt>2023-10-20 21:54:50</wp:post_date_gmt>
  <wp:post_modified>2023-10-21 00:54:50</wp:post_modified>
  <wp:post_modified_gmt>2023-10-20 21:54:50</wp:post_modified_gmt>
  <wp:comment_status>closed</wp:comment_status>
  <wp:ping_status>closed</wp:ping_status>
  <wp:post_name>custom-main-menu-1</wp:post_name>
  <wp:status>publish</wp:status>
  <wp:post_parent>0</wp:post_parent>
  <wp:menu_order>0</wp:menu_order>
  <wp:post_type>wp_navigation</wp:post_type>
  <wp:post_password/>
  <wp:is_sticky>0</wp:is_sticky>
</item>
  </channel>
</rss>
